material_code,material_details,mlfb_no.,unit,qty_(01.02.24),storage_location,type
1000206658,sinamics cu320,6sl3040-0ma00-0aa1,pc,8,NA,NA
1000252640,vsm 10 sinamics voltage sensing module,6sl3053-0aa00-3aa0,pc,3,NA,NA
1000253341,sinamics s120 terminal module tm31,6sl3055-0aa00-3aa0,pc,4,NA,NA
1000262699,dti card,6se7090-0xx84-3db1,pc,3,NA,NA
1000227792,"smc30, sinamics sensor module cabinet mounted",6sl3055-0aa00-5ca2,pc,0,NA,NA
1000014336,"relay;safety,3tk2825-1bb40",3tk2825-1bb40,pc,1,NA,NA
1000598797,"relay;safety,pn:3sk1121-1ab40",3sk1121-1ab40,pc,9,NA,NA
1000132653,"relay,safety,mm:3tk2821-1cb30",3tk2821-1cb30,pc,2,NA,NA
1000598788,"relay;safety, 3sk1211-1bb40",3sk1211-1bb40,pc,23.5,NA,NA
1000237996,earth fault monitor for underground ac and dc systems to 690v - 1/n ac 230v - 3ac 0- 690v,irdh275-435,pc,1,NA,NA
1000305807,encoder; 1ph7911-1ba21-0aa0,1ph7911-1ba21-0aa0,pc,1,NA,NA
1000303429,"timer relay,td;dpco,0.15-3min",3rp15051bw30,pc,3,NA,NA
1000236334,"output interface terminal contact block,mm:3tx7002-1fb02",3tx7002-1fb02,pc,11,NA,NA
1000050339,"suppression diode,gega,type:3rt 1916-1dg00",3rt 1916-1dg00,pc,23.5,NA,NA
NA,"aux circuit switch, 5st3010",5st3010,pc,9,NA,NA
1000014213,"auxiliary circuit switch,1no,1nc,type:5sx9100",5sx9100,pc,5,NA,NA
1000237022,"output interface terminal,two tier,cat:3tx7004-1bb10",3tx7004-1bb10,pc,16,NA,NA
1000005129,"aux contact block, 1no, siemens",3tx4010-2a,pc,23.5,NA,NA
1000148664,"aux contact block, 1nc, siemens",3tx4001-2a,pc,0,NA,NA
1000254213,"aux contact block, 1no,s0-s3, siemens",3rh19211ca10,pc,23,NA,NA
1000005663,"aux contact block,transverse, 1no+1nc, siemens",3rv1901-1a,pc,4,NA,NA
1000096435,"contact block,transverse, front,1no+1nc,",3rv1901-1e,pc,1,NA,NA
1000323400,"contact block, 2no+2nc, siemens",3rh2911-1ha22,pc,14,NA,NA
1000456602,"contact block, 1no+1nc siemens",3rh2911 1ha11,pc,2,NA,NA
1000097408,"aux contanctor block, 3rh1911-1ga40, 4no,  siemens",3rh1911-1ga40,pc,9,NA,NA
1000205884,"contact block,1no+1nc,3sb54 00-0a",3sb54 00-0a,pc,9,NA,NA
1000146663,"allied transducer, convertor,1000 base x,pn:at-g8sx",at-g8sx,pc,7,NA,NA
1000304458,"power connector, stelmore conveyor drive motor module",6sl3162-2ma00-0aa0,pc,6,NA,NA
1000302300,"surge suppressor, siemens",3tx7402-3ry2,pc,10,NA,NA
1000130235,"surge suppressor, siemens",3tf30-35,pc,9,NA,NA
1000303112,"indicator,light;pn:3sb3400-1pa30",3sb3400-1pa30,pc,10,NA,NA
NA,cable pn:6sl3162-8em00-0aa0,6sl3162-8em00-0aa0,pc,1,NA,NA
1000393890,"connector;female,46x80x70mm,pn:as591-f",as591-f,pc,4,NA,NA
1000301584,surge suppressor; pn:3rt1916-1dg00,3rt1916-1dg00,pc,23.5,NA,NA
1000405043,"ipd for sinamics single motor module input: dc 675-1080v output: 3ac 0-690v, 330a rated power: 315kw chassis",6sl3352-3ag33-3aa0,pc,2,NA,NA
1000333128,"ipd for sinamics single motor module input: dc 675-1080v output: 3ac 0-690v, 575a rated power: 560kw chassis (st-1,2, sh-1,2)",6sl3352-3ag35-3aa0,pc,4,NA,NA
1000333129,"ipd for sinamics single motor module input: dc 675-1080v output: 3ac 0-690v, 735a rated power: 710kw chassis",6sl3352-3ag37-4aa0,pc,7,NA,NA
1000333130,"ipd for sinamics single motor module input: dc 675-1080v output: 3ac 0-690v, 1025a rated power: 1000kw chassis (rsm)",6sl3352-3ag41-0aa0,pc,8,NA,NA
1000446906,"ipd for sinamics single motor module input: dc 675-1080v output: 3ac 0-690v, 1270a rated power: 1200kw chassis",6sl3352-3ag41-3aa0,pc,4,NA,NA
1000446909,"ipd for sinamics single motor module input: 600v/dc out: 3ph 400v, 490a (sf)",6sl3320-1te35-0aa0,pc,9,NA,NA
1000446908,"ipd for sinamics single motor module input: dc 675-1080v output: 3ac 0-690v, 410a rated power: 400kw chassis (lhpr)",6sl3352-3ag34-1aa0,pc,1,NA,NA
1000349039,"ipd for sinamics single motor modules input: 600 v dc output: 3-ph 400 v, 310 a (billet skid & trim shear)",6sl3352-3ae33-1aa0,pc,3,NA,NA
1000333131,"ipd for sinamics s120 smart line module 3ac 380-480v, 50/60hz output: dc 510 - 650v, 1430a rated power (infeed-6,7a,7b)",6sl3330-6te41-7aa3,pc,3,NA,NA
1000348719,"ipd for sinamics single motor modules input: 600 v dc output: 3-ph 400 v, 260 a (chopping shear)",6sl3352-3ae32-6aa0,pc,3,NA,NA
1000333127,"ipd for sinamics s120 smart line module 3ac 500-690v, 50/60hz output: dc 675-930v, 1700a rated power: 1400kw (infeed-1,2,3,5)",6sl 3330-6tg41-7aa0,pc,14,NA,NA
1000445484,"ipd for sinamics single motor module input: dc 675-1080v output: 3ac 0-690v, 910a rated power: 900kw chassis",6sl3352-3ag38-8aa0,pc,2,NA,NA
1000405043,"ipd for sinamics  card;330a,1080vac",6sl3352-3ag33-3aa0,pc,1,NA,NA
1000252724,"power supply,pn:6sl39556hx001aa0",6sl39556hx001aa0,pc,2,NA,NA
1000255469,drive-clicq cable 5.0m,6sl3060-4aa50-0aa0,pc,9,NA,NA
1000234763,drive-clicq cable 2.8m,6sl3060-4aj20-0aa0,pc,14,NA,NA
NA,NA,NA,pc,0,NA,NA
1000189376,"sinamics s120 smart line module 3ac 500-690v, 50/60hz output: dc 675-930v, 1700a rated power: 1400kw 
mlfb no- 6sl 3330-6tg41-7aa0",NA,pc,1,NA,NA
1000189367,"sinamics s120 smart line module 3ac 380-480v, 50/60hz output: dc 510 - 650v, 1430a rated power: 800kw 
mlfb no- 6sl3330-6te41-7aa0",NA,pc,0,NA,NA
1000357097,"sinamics s120 smart line module 3ac 380-480v, 50/60hz output: dc 510 - 650v, 1430a rated power: 800kw 
mlfb no- 6sl3330-6te41-7aa3",NA,pc,1,NA,NA
1000227968,"sinamics single motor module input: dc 675-1080v output: 3ac 0-690v, 1270a rated power: 1200kw 
mlfb no- 6sl3320-1tg41-3aa0",NA,pc,0,NA,NA
1000420157,"sinamics single motor module input: dc 675-1080v output: 3ac 0-690v, 1025a rated power: 1000kw chassis unit 
mlfb no- 6sl3320-1tg41-0aa0",NA,pc,1,NA,NA
1000189381,"sinamics single motor module input: dc 675-1080v output: 3ac 0-690v, 910a rated power: 900kw chassis unit
mlfb no- 6sl3320-1tg38-8aa0",NA,pc,1,NA,NA
1000189380,"sinamics single motor module input: dc 675-1080v output: 3ac 0-690v, 735a rated power: 710kw chassis unit",NA,pc,0,NA,NA
1000189379,"sinamics single motor module input: dc 675-1080v output: 3ac 0-690v, 575a rated power: 560kw chassis unit 
mlfb no- 6sl3320-1tg35-8aa0",NA,pc,0,NA,NA
1000189375,"sinamics single motor module input: 600v/dc out: 3ph 400v,490a
mlfb no- 6sl3320-1te35-0aa0",NA,pc,1,NA,NA
1000189378,"sinamics single motor module input: dc 675-1080v output: 3ac 0-690v, 410a rated power: 400kw chassis unit 
mlfb no-6sl3320-1tg34-1aa0",NA,pc,1,NA,NA
1000323909,"drive;bm4145-st0-00300-03, 125a make- baumuller",NA,pc,0,NA,NA
NA,"drive;bm4143-si20-21343-0308-1, 66a, make- baumuller",NA,pc,0,NA,NA
1000189377,"sinamics single motor module input: dc 675-1080v output: 3ac 0-690v, 330a rated power: 315kw chassis unit 
mlfb no- 6sl3320-1tg33-3aa0",NA,pc,1,NA,NA
1000189374,"sinamics single motor modules input: 600 v dc output: 3-ph 400 v, 310 a
mlfb no- 6sl3320-1te33-1aa0",NA,pc,1,NA,NA
1000189373,"sinamics single motor modules input: 600 v dc output: 3-ph 400v, 260 a 
mlfb no- 6sl3320-1te32-6aa0",NA,pc,1,NA,NA
NA,ac commutator choke-1p6sl3000-oeh41-4aao,NA,pc,1,NA,NA
1000189372,"sinamics single motor module input: 600 v dc output: 3ac 400 v, 132 a
mlfb no- 6sl3120-1te31-3aa3",NA,pc,0,NA,NA
1000189371,"sinamics single motor module input: 600 v dc output: 3ac 400 v, 60 a
mlfb no- 6sl3120-1te26-0aa3",NA,pc,1,NA,NA
1000189370,"sinamics single motor module input: 600 v dc output: 3ac 400 v, 45 a 
mlfb no- 6sl3120-1te24-5aa3",NA,pc,1,NA,NA
1000189369,"sinamics single motor module input: 600v/dc out: 3ac 400v/30a
mlfb no-6sl3120-1te23-0aa3",NA,pc,0,NA,NA
1000189368,"sinamics single motor module input: 600 v dc output: 3ac 400 v, 18 a 
mlfb no-6sl3120-1te21-8aa3",NA,pc,1,NA,NA
NA,"test bench drive of ecr (s-120 slm, 5kw,8.3a,380v/600vdc",NA,pc,1,NA,NA
1000333133,"cim card 
mlfb no.- 6sl3350-6tk00-0ea0",NA,pc,3,NA,NA
NA,surge arrester for s-120 drive (dehn guard dg1000fm),NA,pc,15,NA,NA
NA,surge arrester for s-120 drive (dehn guard dgs600fm),NA,pc,4,NA,NA
1000366495,"capacitor;14mf,pn:sc1265",NA,pc,23.5,NA,NA
1000149673,sfu for drive,NA,pc,2,NA,NA
1000555623,"drive; atv71hd11n4, vvvf, 415 v",NA,pc,1,NA,NA
1000195950,soft starter for ca fan,NA,pc,1,NA,NA
NA,NA,NA,pc,0,NA,NA
NA,NA,NA,pc,0,NA,NA
1000570527,"drive;vfd g120,1.5 kw,480vac",NA,pc,2,NA,NA
1000185353,"encoder,hollow shaft,type:hog10dn1024i, make-baumuller",NA,pc,0,NA,NA
1000322392,"encoder, make-baumuller",NA,pc,0,NA,NA
1000209532,"encoder,pn:861900220 1024 make- leine & linde",NA,pc,0,NA,NA
NA,"encoder,xhi-803",NA,pc,0,NA,NA
NA,NA,NA,pc,0,NA,NA
NA,"fan,wall mounted",NA,pc,4,NA,NA
1000357758,"ai module; 8ch, 6es74311kf200ab0,24vdc",NA,pc,3,NA,NA
1000180279,"ao module, 8ch, pn:6es7-432-1hf00-0ab0",NA,pc,3,NA,NA
1000195795,"do module, 16ch",NA,pc,3,NA,NA
1000180281,"do module, 32ch,pn:6es7-422-1bl00-0aa0",NA,pc,5,NA,NA
1000180282,"di module , 32ch, pn:6es7-421-1bl01-0aa0",NA,pc,3,NA,NA
1000195794,"di module, 16ch",NA,pc,2,NA,NA
1000180284,im module (receiver) -not in use,NA,pc,1,NA,NA
1000180285,im module (transmitter) -not in use,NA,pc,1,NA,NA
1000357441,"fm module;fm-450, 24vdc,pn:6es7450-1ap00-0ae0",NA,pc,1,NA,NA
1000097311,"cp 443-1ex30b module; 24vdc,pn:6es7450-1ap00-0ae0",NA,pc,1,NA,NA
1000331303,cp 443-5 module; 24vdc,NA,pc,3,NA,NA
NA,cp-443-1ex20 6gk7443-1ex20-0xe0,NA,pc,1,NA,NA
1000180286,power module ps407,NA,pc,2,NA,NA
1000195793,cpu 416-2dp,NA,pc,1,NA,NA
1000144013,"front connector,s7-400,6es74921al000aa0",NA,pc,5,NA,NA
1000346006,cpu 313c-2dp;pn:6es7313-6cf03-0ab0,NA,pc,1,NA,NA
1000197900,"cpu 317-2, pn:6es7-317-2ek13-0ab0",NA,pc,1,NA,NA
1000368322,"cpu 317-2, pn:6es7-317-2ek14-0ab0",NA,pc,1,NA,NA
1000224145,cpu 2ah14,NA,pc,2,NA,NA
1000309578,cp343-1 module;6gk73431cx10-0xe0 (rsm_cc),NA,pc,2,NA,NA
1000177464,olm module;6gk73431cx10-0xe0,NA,pc,1,NA,NA
1000057834,"dp/dp coupler module,mm:6es7158-0ad01-0xa0",NA,pc,3,NA,NA
1000147013,"position input module,signal,mm:6es7338-4bc01-0ab0",NA,pc,2,NA,NA
1000272424,"fm counter module;fm-350-2, 6es73502ah010ae0",NA,pc,6,NA,NA
1000200425,allen bradley plc (laying head),NA,pc,2,NA,NA
1000238802,"digital input output module,pn:6ed1 055-1nb10-0ba0",NA,pc,1,NA,NA
NA,esm_electrical switch module,NA,pc,2,NA,NA
1000267014,"smps,i/p-230vac,o/p-12v , 2a",NA,pc,1,NA,NA
1000234750,"dvp-14ss module,pwr supply,100-240vac,mm:dvpps02",NA,pc,2,NA,NA
1000195843,"bus module 2*40, et200m,pn:6es71957hb000xa0",NA,pc,10,NA,NA
1000195991,"bus module 1*80, i/o module,pn:6es71957hc000xa0",NA,pc,7,NA,NA
1000195842,"bus module ps/im 153, 6es71957ha000xa0",NA,pc,9,NA,NA
NA,memory cart (different types),NA,pc,0,NA,NA
NA,battery for cpu 6es7971-0ba00,NA,pc,17,NA,NA
1000198101,"anybus gateway-canopen to profibus,24vdc",NA,pc,1,NA,NA
NA,main plc with rack (furnace),NA,pc,1,NA,NA
NA,NA,NA,pc,0,NA,NA
1000181818,"sitop power supply, 6ep1-336-2ba00 , 24vdc,20a",NA,pc,1,NA,NA
1000014382,"sitop power supply, 6ep1-336-3ba00, 24vdc,20a",NA,pc,2,NA,NA
1000014380,"sitop power supply, 6ep1-334-3ba00, 24vdc,10a",NA,pc,5,NA,NA
1000014383,"sitop power supply, 6ep1-334-2aa01, 24vdc, a",NA,pc,2,NA,NA
1000445441,"sitop power supply, 6ep1-334-2ba20, 24vdc,10a",NA,pc,5,NA,NA
1000195844,"sitop power supply, 6ep1-333-3ba10, 24vdc,5a",NA,pc,4,NA,NA
1000197906,"sitop power supply, 6ep1-333-2aa01, 24vdc,5a",NA,pc,6,NA,NA
1000138637,"power supply module,ps 307,6es7-307-1ka02-0aa0,24v,10a",NA,pc,3,NA,NA
NA,"power supply module,ps 307,6es7-307-1ea00-0aa0,24v,5a",NA,pc,2,NA,NA
1000138637,"power supply module,ps 307,6es7-307-1ka01-0aa0,24v,10a",NA,pc,1,NA,NA
NA,"power supply module,ps 307,6es7-307-1ba00-0aa0,24v,2a",NA,pc,1,NA,NA
1000014629,"di module, 32ch, 6es7-321-1bl00-0aa0",NA,pc,8,NA,NA
1000050427,"di module, 16ch, 6es7-321-1bh02-0aa0",NA,pc,9,NA,NA
1000014630,"do module, 32ch, 6es7322-1bl00-oaao",NA,pc,3,NA,NA
1000097683,"do module, 16ch, 6es7-322-1bh01-0aa0",NA,pc,8,NA,NA
1000097685,"di module, 16ch x rel.ac230v, 6es7 322 1hh01 oaao",NA,pc,5,NA,NA
1000097684,"d0 module ,8ch, 6es7-322-1bf01-0aa0",NA,pc,2,NA,NA
1000197904,"do module, 8ch x rel.ac230v, 6es7-322-1hf01-0aa0",NA,pc,5,NA,NA
1000180276,"ai module, 8ch x 13bit, 6es7-331-1kf02-0ab0",NA,pc,12,NA,NA
1000431291,"ai module, 8ch, thermocouple, 6es7-331-7pf11-0ab0",NA,pc,8,NA,NA
1000098236/ 1000254774,"ai module, 8ch, 6es7-331-7kf02-0ab0",NA,pc,6,NA,NA
1000180276,"ai module, 8ch, 6es7-331-1kf01-0ab0",NA,pc,1,NA,NA
1000098237,"ao module, 4ch x 12bit, 6es7-332-5hd01-0ab0",NA,pc,11,NA,NA
1000195993,"ao module, 8ch x 12bit, 6es7-332-5hf00-0ab0",NA,pc,5,NA,NA
NA,"interface module (im), 6es7-153-2ba10-0xb0",NA,pc,6,NA,NA
1000195735,"interface module (im), 6es7-153-2ba02-0xb0",NA,pc,2,NA,NA
1000057833,"interface module (im), 6es7-153-1aa03-0xb0",NA,pc,11,NA,NA
1000195940,"front connector for card, 6es7-392-1am00-0aa0",NA,pc,6,NA,NA
1000014485,"front connector for card, 6es7-392-1aj00-0aa0",NA,pc,1,NA,NA
NA,"optical fiber connector, dfcustxmpr09,0.9mm",NA,pc,10,NA,NA
NA,"optical fiber adaptor, dfadsttypxpm",NA,pc,10,NA,NA
1000195799,"obt, pn:6gk1500-3aa10",NA,pc,6,NA,NA
1000253135,"repeater, rs485, 6es7-972-0aa02-0xa0",NA,pc,4,NA,NA
1000253137,"profibus connector,mm:6es7972-0bb52-0xa0",NA,pc,13,NA,NA
1000195733,"profibus connector,mm:6es7972-0ba12-0xa0",NA,pc,8,NA,NA
1000261210,"profibus connector,mm:6es7972-0bb12-0xa0",NA,pc,23.5,NA,NA
1000180290,"profibus connector,,mm:6es7972-0bb41-0xa0",NA,pc,17,NA,NA
1000207410,"relay board,8ch,1co,24vdc,5a, pc24d08-cob",NA,pc,9,NA,NA
1000198102,"motion controller-trim shear, abb,24vdc,50w",NA,pc,1,NA,NA
1000509087,"lan card,netwrk; pn:pro 1000 pt",NA,pc,3,NA,NA
1000097349,"rail,530mm f/plc, 6es7-390-1af30-0aa0",NA,pc,1,NA,NA
1000097306,"rack,main plc, 18 slot, 6es7-400-1ta01-0aa0",NA,pc,1,NA,NA
1000253139,"rail,830mm f/plc, 6es7-390-1aj30-0aa0",NA,pc,1,NA,NA
1000196121,"rail,530mm, f/plc, 6es7-195-1gf30-0xa0",NA,pc,2,NA,NA
1000253138,"rail,480mm f/plc,mm:6es7390-1ae80-0aa0",NA,pc,1,NA,NA
NA,"pressure guage ,3 inch, 0-10 bar",NA,pc,2,NA,NA
1000498223,"sensor;220/240vac,mn:uvs 10d1g1",NA,pc,0,NA,NA
NA,timer use in hardware panel,NA,pc,2,NA,NA
1000048247,"lens,varifocal,1/3in,5-50mm",NA,pc,4,NA,NA
1000183279,"camera,mm:hcc-690p f/cctv",NA,pc,4,NA,NA
1000198106,"switch,proximity,30mm,pn:ii5829",NA,pc,6,NA,NA
1000211028,"ped sensor,photo electric,mm:o4h500",NA,pc,6,NA,NA
1000198111,"ped sensor, photo sensor,pn:oa0106",NA,pc,5,NA,NA
1000267014,"smps,i/p-230vac,50hz,o/p-12v dc/2a",NA,pc,2,NA,NA
1000214151,"valve,solenoid,5/2way,pn:5811170050",NA,pc,6,NA,NA
1000007736,"controller,3step,joystick,5-0-5pos,10a",NA,pc,1,NA,NA
1000181007,"flow switch indicator,pn:08.01.01.01/05",NA,pc,6,NA,NA
1000182313,"part of limit switch,limit,240v ac,iec60947-5-1",NA,pc,3,NA,NA
NA,"limit switch,3se5112-0ya00",NA,NA,0,NA,NA
NA,"liver part,limit switch, siemens",NA,pc,10,NA,NA
1000588026,"camera,dig;pn:frtpaccameccdvt1100",NA,pc,1,NA,NA
1000138051,"smps,2.5a,24vdc",NA,pc,1,NA,NA
1000458352,"timer;on delay,230vac,pn:h30tg",NA,pc,1,NA,NA
1000213394,"laser sensor,pn:01d100",NA,pc,5,NA,NA
1000214187,"connector,mm:ds2508",NA,pc,4,NA,NA
NA,oxygen analyser calibration kit,NA,pc,1,NA,NA
1000398020,sensor;mn:wtb27-3p2411s18,NA,pc,23,NA,NA
1000168849,"fuse,160a,din 000,type:170m1569d",NA,pc,5,NA,NA
1000591651,"transmitter,prs;pn:7mf4033iba101aa6z (ca fan pt)",NA,pc,1,NA,NA
1000513713,"damper position xmtr;position,sipart ps2- (make-siemens)- pg & main damper",NA,pc,0,NA,NA
1000013595,"damper positioner,ffb,mm:tzidc 120,make-abb",NA,pc,3,NA,NA
1000520166,"level transmitter,radr;mn:sitrans lr250",NA,pc,1,NA,NA
1000011919,"positioner,pneumatic,mm:830wp make- fobsmarshal",NA,pc,1,NA,NA
NA,"hfo line shutoff valve,2inch,10bar, 0001593, make- burket",NA,NA,0,NA,NA
1000198124,"connector,pn:bks-s 32m-00,f/transducer",NA,pc,7,NA,NA
1000214144,"magnet f/transducer,mm:btl5f28141s",NA,pc,3,NA,NA
1000214078,"bar;175mm,pn:btl2gs100175a",NA,pc,9,NA,NA
1000259382,"fuse,1000a,700-200ka,type:170m6714",NA,pc,7,NA,NA
1000390259,"mpcb;6-10a,3p,pn:gv2me14+gvad1010",NA,pc,23,NA,NA
1000303835,valve;pn:vas120r/nwsr,NA,pc,4,NA,NA
1000323969,"mcb;1p, 80a,pn:a9n18357",NA,pc,2,NA,NA
1000207571,"pressure switch,500mbar,mm:dg500u-3 (for gas)",NA,pc,0,NA,NA
NA,"ct, 400/5,va5, class-15,type-r",NA,pc,4,NA,NA
NA,"ct, 600/5,va5, class-15,type-r",NA,pc,3,NA,NA
NA,"ct, 50/5,va5, class-15,type-r",NA,pc,3,NA,NA
NA,"burket pneumatic shutoff valve,10bar, 424103",NA,pc,3,NA,NA
NA,"transformer 115-200v/27vdc,4a,vt-ne30-20 make- rexroth",NA,pc,3,NA,NA
1000191024,"flomac flowmetern rate totaliser, model- rt141 d0fmw/pulse,mm:rt121d0mm",NA,pc,6,NA,NA
1000484191,"transmitter,prs;pn:7mf4033-1da10-2ac6-z, siemens",NA,pc,3,NA,NA
1000220376,"mccb,400a,3p,50ka,mm:lv432693",NA,pc,1,NA,NA
NA,"schneider no-nc contact, gvae11",NA,pc,16,NA,NA
NA,bcu 460-5/1w1gb,NA,pc,2,NA,NA
NA,"temp controller (fuji electric),type-pxf9aey2-1v100",NA,pc,1,NA,NA
NA,"pt 7mf03000-1je01-5am2z,sitrans p320,6 bar ,make- siemens",NA,pc,1,NA,NA
1000511965,"dpt, flow transmitter,dp;1-20mbar,4-20ma, siemens",NA,NA,1,NA,NA
1000484191,"dpt,transmitter,prs;pn:7mf4033-1da10-2ac6-z, make- siemens",NA,pc,2,NA,NA
1000303845,"dpt ,flow tansmitter;pn:7mf4433-1ea02-1aa6-z,6-600 mbar, make- siemens",NA,pc,3,NA,NA
1000330408,"temp transmitter;0-100c,22-32vdc,pn:ets 1700 make- hydac",NA,pc,1,NA,NA
NA,"aux contact, 3vl9400-2aj20",NA,pc,0,NA,NA
NA,"proxy full thread ,iis226",NA,pc,8,NA,NA
1000318576,"valve,sol;mn:smc sy5140-5dz-q",NA,pc,1,NA,NA
1000310404,"level switch,lvl;lr7000,18-30 vdc, ifm",NA,pc,2,NA,NA
1000294666,"glass;pyrex/borosillicate,dia. 82.5,camera",NA,pc,10,NA,NA
1000572315,"meter,flow;al,pn:om050a001-511-r5",NA,pc,4,NA,NA
NA,"rtd,pt-100, 450mm",NA,pc,10,NA,NA
1000182358,"rtd,2 wire,pt-100, 300mm, ss f/heat tracer",NA,pc,10,NA,NA
NA,"rtd, pt-100, 200mm",NA,pc,3,NA,NA
1000245448,"thermocouple, k type,simplex,3mm,2000mm",NA,pc,6,NA,NA
NA,"thermocouple,t type",NA,pc,1,NA,NA
1000012229,"pressure transmitter,press,0-10bar, siemens",NA,pc,4,NA,NA
NA,NA,NA,pc,0,NA,NA
NA,NA,NA,pc,0,NA,NA
1000251164,"hrc fuse, 690v,900a, pn:3ne3340-8",NA,pc,7,NA,NA
1000358178,"hrc fuse, 690v,850a, pn:3ne1448-2",NA,pc,3,NA,NA
1000359192,"hrc fuse, 690v,710a, pn:3ne3337-8",NA,pc,6,NA,NA
1000261373,"hrc fuse, 690v,630a, pn:3ne3336",NA,pc,8,NA,NA
1000251165,"hrc fuse, 690v,560a, pn:3ne3335",NA,pc,6,NA,NA
1000251166,"hrc fuse, 690v,500a, pn:3ne3334-0b",NA,pc,6,NA,NA
1000298682,"hrc fuse, 690v,450a, pn:3ne3233",NA,pc,6,NA,NA
1000251163,"hrc fuse, 690v,400a, pn:3ne3232-0b",NA,pc,6,NA,NA
1000004717,"hrc fuse, 690v,315a, pn:3ne1230-0",NA,pc,4,NA,NA
1000227801,"hrc fuse, 690v,200a, pn:3ne1225-0",NA,pc,23.5,NA,NA
1000343851,"hrc fuse, 690v,160a, pn:3ne1224-0",NA,pc,1,NA,NA
1000227803,"hrc fuse, 690v,125a, pn:3ne1022-0",NA,pc,9,NA,NA
1000216238,"hrc fuse, 690v,100a, pn:3na7830-0rc",NA,pc,23.5,NA,NA
1000227800,"hrc fuse, 690v,80a, pn:3ne1820-0",NA,pc,6,NA,NA
1000266740,"fuse,semiconductor,bs88,690v,80a,pn:80et",NA,pc,15,NA,NA
1000227798,"hrc fuse, 690v,63a, pn:3na7822-6",NA,pc,23.5,NA,NA
1000098309,"hrc fuse, 415v,50a, pn:3na3820-7y",NA,pc,22,NA,NA
1000164681,"fuse link,415v, 32a, pn:3nwtia32",NA,pc,10,NA,NA
1000310005,"hrc fuse, 20a, pn:1700263",NA,pc,6,NA,NA
1000004526,"fuse link, 6a, pn: 3nwns6",NA,pc,20,NA,NA
1000358191,"hrc fuse, 6a ,pn:3na7801-6",NA,pc,16,NA,NA
1000252950,"tubular fuse,415v, 6a, pn:3nw6301-1",NA,pc,23.5,NA,NA
1000359865,"tubular fuse, 6a,pn:atdr8",NA,pc,5,NA,NA
1000193277,"fuse link, 415v,4a, pn:3nwns4",NA,pc,9,NA,NA
1000236331,"hrc fuse, 2a, pn: 3na7802-6",NA,pc,18,NA,NA
1000193275,"hbc fuse link, 2a, pn: 3nwns2",NA,pc,23.5,NA,NA
NA,pn:10506144erev-a,NA,pc,3,NA,NA
1000359865,"glass fuse, 6a, pn:atdr8",NA,pc,23.5,NA,NA
1000236180,"switch fuse unit, 160a, pn: 3np4070-0ch01",NA,pc,3,NA,NA
1000253133,"disconnector,100a, pn:3np4010-0ch01",NA,pc,1,NA,NA
1000260584,"switch,disconnect,sitor,690v,50a, pn:3nc1091",NA,pc,2,NA,NA
1000004524,"fuse holder, 32a, pn: 3nw32",NA,pc,20,NA,NA
1000260584,"switch,disconnect,sitor,690v,pn:3nc1091",NA,pc,3,NA,NA
1000376124,"puller,fuse, pn:3nx1013",NA,pc,3,NA,NA
1000004405,"fuse base,1p, pn:3nh3030,160a",NA,pc,4,NA,NA
1000098433,"fuse base,1p,gr-3, 360a,690v, pn:3nh3430",NA,pc,5,NA,NA
1000384531,fl switch sfn 4 tx/fx st,NA,pc,1,NA,NA
1000459933,ib il 24 do 16 pac,NA,pc,2,NA,NA
1000459937,ib il 24 di 16 pac,NA,pc,1,NA,NA
1000461183,"module, 24 vdc, pn;2878722",NA,pc,1,NA,NA
1000461358,servo motor connector,NA,pc,1,NA,NA
1000461350,a082500010 relay,NA,pc,1,NA,NA
NA,profi buss connector ;pn no 2744348,NA,pc,1,NA,NA
1000461354,glass sight ; pn;b.odac.1001.204,NA,pc,6,NA,NA
1000461353,glass sight ; pn;b.odac.1001.104,NA,pc,3,NA,NA
1000461181,ib il temp 2 rtd -pac,NA,pc,1,NA,NA
1000459936,il eth bk di8 do4,NA,pc,2,NA,NA
1000461348,"diode 24vdc,pn;b.n2.540.0160",NA,pc,4,NA,NA
100046180,door limit switch (ib il dor lv set pec),NA,pc,1,NA,NA
NA,rod gauge shutter motor pcb,NA,pc,0,NA,NA
1000461184,"module, ilc150 eth 24vdc,pn2985330",NA,pc,1,NA,NA
1000461185,smps,NA,pc,1,NA,NA
NA,rod gauge calibration kit,NA,pc,1,NA,NA
1000634701,encoder ern 430 1024 80s12-03,NA,pc,0,NA,NA
1000461349,head;pn;odac.1001.66730,NA,set,0,NA,NA
1000467450,belt,NA,pc,2,NA,NA
1000461344,card;pn;n6.sp.092.a1,NA,pc,1,NA,NA
1000461346,drive pn; a15 104 5080,NA,pc,1,NA,NA
1000532641,"converter,sig;pn;ci6j/enci.610.03001",NA,pc,0,NA,NA
1000461358,"motor,servo;pn:a15 101 1250",NA,pc,0,NA,NA
1000364043,"a/c;kg-4266,panel,r134a,230vac,270mm",NA,pc,0,NA,NA
NA,"lvdt, transducer,pn:    (strep compactor)",NA,pc,0,NA,NA
1000209092,"lvdt, transducer,pn:btl5-e10-m1750-p-s32 (kickoff)",NA,pc,0,NA,NA
1000214080,"lvdt, tranducer,pn:btl5-e10-m0450-p-s32 (walking beam transverse)",NA,pc,0,NA,NA
1000209091,"lvdt, transducer,pn:btl5-e10-m1250-p-s32 (walking beam up-down)",NA,pc,0,NA,NA
1000008935,"mcb,1a,1 pole",NA,pc,23.5,NA,NA
1000281052,"mcb;1a,3p ,5sx43017rc,230v,10ka,18mm",NA,pc,2,NA,NA
1000008924,"mcb,2a,1 pole",NA,pc,23.5,NA,NA
1000008944,"mcb,2a,2 pole#, siemens",NA,pc,23.5,NA,NA
1000280147,"mcb;4a,3p,5sx43047rc,230v, siemens",NA,pc,2,NA,NA
1000199541,"mcb,1p,6a",NA,pc,13,NA,NA
1000008946,"mcb,06a,2pole, siemens/abb",NA,pc,23.5,NA,NA
1000008960,"mcb,6a,3pole, siemens",NA,pc,8,NA,NA
1000254209,"mcb,10a,1p,cat:5sx41048rc, siemens",NA,pc,23.5,NA,NA
1000254207,"mcb,10a,3p,cat:5sx43108rc",NA,pc,22,NA,NA
1000008961,"mcb,16a,3pole#",NA,pc,23.5,NA,NA
1000008973,"mcb,16a,4pole#",NA,pc,10,NA,NA
1000254188,"mcb,20a,1p,cat:5sx41208rc, siemens",NA,pc,23.5,NA,NA
1000174644,"mcb,20a,3p",NA,pc,23.5,NA,NA
1000254205,"mcb,25a,2p,cat:5sx42258rc",NA,pc,3,NA,NA
1000254190,"mcb,32a,1p,cat:5sx41328rc",NA,pc,12,NA,NA
1000008963,"mcb,32a,3pole",NA,pc,23.5,NA,NA
1000254189,"mcb,40a,1p,cat:5sj41408rc, siemens",NA,pc,16,NA,NA
1000254208,"mcb,40a,3p,cat:5sj43408rc, siemens",NA,pc,13,NA,NA
NA,"mcb,50a,2p, siemens",NA,pc,8,NA,NA
1000254162,"mcb,63a,1p,10ka,mm:5sx41637rc",NA,pc,23.5,NA,NA
1000008976,"mcb,63a,4p",NA,pc,1,NA,NA
1000323969,"mcb,80a,1p",NA,pc,22,NA,NA
1000280158,"mcb; 80a,3p, 5sp43807rc,10ka,siemens",NA,pc,3,NA,NA
1000127027,"bearing,ball,6040 m  - skf",NA,pc,3,NA,NA
1000197274,"bearing,ball,des:6040 m c3  skf",NA,pc,1,NA,NA
1000023227,"bearing,ball,6232 m c3   skf",NA,pc,2,NA,NA
1000258509,"bearing,ball,des:6038mc3   skf",NA,pc,2,NA,NA
1000215455,"bearing,ball,deep groove,des:6330c3   skf",NA,pc,1,NA,NA
1000216662,"bearing,ball,des:nu1040ml   skf",NA,pc,1,NA,NA
1000215458,"bearing,cyl roller,des:nu1032ml   skf",NA,pc,2,NA,NA
1000215456,"bearing,cyl roller,des:nu1038ml   skf",NA,pc,2,NA,NA
1000023014,"bearing,ball,6228 c3#     skf",NA,pc,2,NA,NA
1000217027,"bearing,ball,des:6226c3vl0241   skf",NA,pc,4,NA,NA
1000022937,"bearing,ball,6226 c3   skf",NA,pc,7,NA,NA
1000216590,"bearing,ball,deep groove,6224c3vl0241   skf",NA,pc,3,NA,NA
1000023228,"bearing,ball,6224 c3    skf",NA,pc,2,NA,NA
1000023254,"bearing,ball,6224    skf",NA,pc,2,NA,NA
1000022967,"bearing,ball,6322 c3     skf",NA,pc,2,NA,NA
1000217026,"bearing,ball,des:6220 c3 vl0241   skf",NA,pc,1,NA,NA
1000023012,"bearing,ball,6220    skf",NA,pc,3,NA,NA
1000291510,"bearing,ball;dsgn:6220 c3    skf",NA,pc,4,NA,NA
1000188093,"bearing,ball,des:6319 m/c3 vl0241   skf",NA,pc,3,NA,NA
1000023035,"bearing,ball,6319   skf",NA,pc,3,NA,NA
1000022965,"bearing,ball,6319 c3#  skf",NA,pc,2,NA,NA
1000271059,"bearing,ball,deep groove,6318 c3 vl0241   skf",NA,pc,2,NA,NA
1000022964,"bearing,ball,6318 c3#   skf",NA,pc,8,NA,NA
1000284195,"bearing,des:6317 m    skf",NA,pc,2,NA,NA
1000023033,"bearing,ball,6317  skf",NA,pc,4,NA,NA
NA,"bearing,ball,6317 c3    skf",NA,pc,7,NA,NA
1000023064,"bearing,ball,6316 c3#  fag",NA,pc,2,NA,NA
1000022962,"bearing,ball,6315 c3#   skf",NA,pc,7,NA,NA
1000022962,"bearing,ball,6315 c3#    fag",NA,pc,2,NA,NA
1000023030,"bearing,ball,6314  skf",NA,pc,2,NA,NA
1000022961,"bearing,ball,6314 c3#    skf",NA,pc,3,NA,NA
1000023029,"bearing,ball,6313     skf",NA,pc,22,NA,NA
1000201387,"bearing,ball,6313 zz c3   skf",NA,pc,23.5,NA,NA
1000023195,"bearing,ball,6313 c3#    skf",NA,pc,5,NA,NA
1000023028,"bearing,ball,6312   skf",NA,pc,5,NA,NA
1000023120,"bearing,ball,6312 c3    skf",NA,pc,23.5,NA,NA
1000023062,"bearing,ball,63102z    skf",NA,pc,21,NA,NA
1000221767,"bearing,ball,6310z,pn:10329265    skf",NA,pc,10,NA,NA
1000022958,"bearing,ball,6310 zz c3#   skf",NA,pc,5,NA,NA
1000022955,"bearing,ball,6310 c3#    skf",NA,pc,4,NA,NA
1000023103,"bearing,ball,6309 c3    skf",NA,pc,2,NA,NA
1000022954,"bearing,ball,6309 2z c3#    skf",NA,pc,4,NA,NA
1000022953,"bearing,ball,6309 2z#   fag",NA,pc,2,NA,NA
1000022951,"bearing,ball,6308 2z c3#     skf",NA,pc,8,NA,NA
1000022948,"bearing,ball,6307 2z c3#    skf",NA,pc,23,NA,NA
1000022947,"bearing,ball,63062z#    skf",NA,pc,23.5,NA,NA
1000022946,"bearing,ball,63052z#   skf",NA,pc,23.5,NA,NA
NA,"bearing,ball,6305 2z c3#  skf",NA,pc,8,NA,NA
1000023021,"bearing,ball,6305   skf",NA,pc,3,NA,NA
1000023127,"bearing,ball,6304 2z     skf",NA,pc,10,NA,NA
1000251839,"bearing,ball,6303-2z-c3    skf",NA,pc,23,NA,NA
1000023531,"bearing,roller,nu217 ecm   skf",NA,pc,3,NA,NA
1000247943,"bearing,roller,des:n312ecm   skf",NA,pc,1,NA,NA
1000247942,"bearing,roller,des:n312ecj/c3   skf",NA,pc,2,NA,NA
1000247946,"bearing,roller,des:nu218ecm or ecj    skf",NA,pc,4,NA,NA
1000247944,"bearing,roller,des:nu218 ecj/c3  skf",NA,pc,4,NA,NA
1000247945,"bearing,roller,des:nu218 ecm   skf",NA,pc,5,NA,NA
1000216661,"bearing,ball,deep groove,6218 c3 vl0241   skf",NA,pc,2,NA,NA
1000216661,"bearing,ball,deep groove,6218c3vl0241 m   skf",NA,pc,3,NA,NA
1000291505,"bearing,ball;cat:6218c3   skf",NA,pc,8,NA,NA
1000422265,bearing;ball: 6218-m c3   skf,NA,pc,4,NA,NA
NA,bearing;ball: j20aa c3    fag,NA,pc,5,NA,NA
1000022936,"bearing,ball,6217 c3    skf",NA,pc,5,NA,NA
1000376896,"bearing;ball,dsgn:6216-2z-c3    skf",NA,pc,6,NA,NA
1000376320,"bearing;dsgn:6216.c4.j20aa,slg,80,140   skf",NA,pc,4,NA,NA
1000022932,"bearing,ball,6213   skf",NA,pc,6,NA,NA
1000022932,"bearing,ball,6213 c3#   skf",NA,pc,2,NA,NA
1000247482,"bearing,ball,6213-2rs1   skf",NA,pc,2,NA,NA
1000346814,bearing;pn:6213 zz c3   skf,NA,pc,7,NA,NA
1000092590,"bearing,ball,6209-zz     skf",NA,pc,23.5,NA,NA
1000022926,"bearing,ball,6209 2z c3# (fag-12 + skf-10)",NA,pc,22,NA,NA
1000022923,"bearing,ball,dsgn:6208 2z   skf",NA,pc,23.5,NA,NA
NA,"bearing,ball,6208  c3#    skf",NA,pc,2,NA,NA
1000022924,"bearing,ball,6208 2z c3#    skf",NA,pc,1,NA,NA
1000532804,"bearing,ball;dsgn:6208 zz c4   skf",NA,pc,16,NA,NA
1000023199,"bearing,ball,6207 2z c3    skf",NA,pc,2,NA,NA
1000022920,"bearing,ball,6206 2z#    skf",NA,pc,23.5,NA,NA
1000208911,"bearing,ball,6205 2z c3  skf",NA,pc,23.5,NA,NA
1000022915,"bearing,ball,6004 2z c3#   timken",NA,pc,20,NA,NA
1000023196,"bearing,ball,6203 2z c3    skf",NA,pc,23.5,NA,NA
1000208912,"bearing,ball,6202 2z c3    skf",NA,pc,23.5,NA,NA
1000023052,"bearing,ball,6201 2z#    skf",NA,pc,23.5,NA,NA
1000358154,bearing;pn:6007 2z/c3  skf,NA,pc,0,NA,NA
1000022981,"bearing,ball,6001   skf",NA,pc,4,NA,NA
NA,"bearing,ball,6002 2z c3   skf",NA,pc,23.5,NA,NA
1000225360,"switch,limit,240vac,1no+1nc,xck-s (jai bajaji)",NA,pc,12,NA,NA
1000182313,"limit switch,240v ac,iec60947-5-1, plunger type (siemens)",NA,pc,23.5,NA,NA
1000202980,"limit switch,10a,pn:3se3100-1e",NA,pc,8,NA,NA
NA,limit switch with push rod,NA,pc,14,NA,NA
NA,"limit switch lever ,10a,pn:3se3100-1e (siemens)",NA,pc,9,NA,NA
NA,nut & bolt for sensors 50mm x 4mm,NA,pc,23.5,NA,NA
NA,tank level switch (pune techrol),NA,pc,14,NA,NA
NA,tank level switch (used),NA,pc,10,NA,NA
1000230427,pressure switch (hyd),NA,pc,8,NA,NA
1000230427,differential press switch (lub),NA,pc,5,NA,NA
1000177915,"differential press switch, 0.5 - 10bar (hyd)",NA,pc,4,NA,NA
1000225437,"differential press switch,mm:vd5d.0/l24",NA,pc,6,NA,NA
1000149657,"switch,hydraulic pressure (400bar)",NA,pc,3,NA,NA
1000318442,roll mounting cart pressure switch,NA,pc,2,NA,NA
1000299968,vd controller;mm3010di13dr08ai02,NA,pc,4,NA,NA
1000539453,announciator,NA,pc,1,NA,NA
NA,"connector, 3pin",NA,pc,23.5,NA,NA
NA,"connector, 4pin",NA,pc,14,NA,NA
NA,"solenoid coil with 3pin connector 24v, 4.8w",NA,pc,13,NA,NA
NA,rubber seal for connector,NA,pc,20,NA,NA
1000248338,"coil,sol,24v dc,mm:347b04",NA,pc,22,NA,NA
NA,module spool valve (water box),NA,pc,2,NA,NA
NA,oil level indicator segment,NA,pc,9,NA,NA
NA,siemens temp transmitter,NA,pc,2,NA,NA
NA,"rosemoiunt temp transmitter, 4 wire type",NA,pc,4,NA,NA
NA,"rosemoiunt temp transmitter, 3 wire type",NA,pc,3,NA,NA
1000352451,"rosemoiunt pressure transmitter, 0 - 25 bar",NA,pc,2,NA,NA
NA,"pressure transmitter (0-800 psi),4-20ma, make-abb",NA,pc,1,NA,NA
NA,"abb temp transmitter,  0 - 200 c",NA,pc,1,NA,NA
1000238263,"coil, solenoid,24vdc,1.25a,mm:m-3sed6ck-1x350cg24n9k4",NA,pc,11,NA,NA
1000084653,"coil,solenoid,24vdc,1.45a,mm:019793 k425",NA,pc,21,NA,NA
1000568853,"connector;proximity sensor,pn:e11293",NA,pc,23.5,NA,NA
1000011919,"positioner,pneumatic,mm:830wp (make-fobs marshal)",NA,pc,3,NA,NA
1000192410,"positioner;4-20ma,mm:dvc6020 f/valve (make-fisher)",NA,pc,1,NA,NA
NA,pt & ft fixing clamp,NA,pc,3,NA,NA
1000234762,"controller streighting machine panel,24vdc,mm:tp02g-as1",NA,pc,1,NA,NA
NA,dc valve w517c79 (make-ross),NA,pc,3,NA,NA
NA,dc valve  (make-ross),NA,pc,3,NA,NA
1000494549,"connector;male,pn:268b94",NA,pc,23.5,NA,NA
1000494581,"connector;female,pn:267b94",NA,pc,23.5,NA,NA
1000316989,"drive;380-480v,pn:skc3400300,  make- nortek-for vd",NA,pc,1,NA,NA
1000316986,"drive;380-480v,pn:skb3400150,   make- nortek-for vd",NA,pc,1,NA,NA
1000266804,siemens positioner display (not in use),NA,pc,1,NA,NA
1000316861,temperature switch; pn:2059031  make- nortek for vd,NA,pc,1,NA,NA
1000316858,flow switch; pn:2039501 make- nortek -for vd,NA,pc,3,NA,NA
1000316873,"valve,sol;ebb 6212,pn:ebb 6212 make- nortek  -for vd",NA,pc,1,NA,NA
NA,solenoid coil -for vd,NA,pc,2,NA,NA
1000230428,"switch,flow,110Â°c,mm:um3k-015-gm70, make- nortek-for vd",NA,pc,1,NA,NA
1000316872,"control;flow,pn:12a",NA,pc,1,NA,NA
1000293989,level switch;pn:nt 62-ms-s6,NA,pc,1,NA,NA
1000316870,"level switch;electrical,pn:4604102/100 -for vd",NA,pc,1,NA,NA
1000316868,"valve,sol;esm 8614,pn:esm 8614 -for vd",NA,pc,1,NA,NA
1000484947,"thermocouple;pt100,3,pn:tr10-d  -for vd",NA,pc,1,NA,NA
NA,temperature sensor (length-500mm)- for vd,NA,pc,1,NA,NA
1000317180,level switch;pn:4604115_260   -for vd,NA,pc,1,NA,NA
1000316855,"valve,sol;vs 8414,pn:vs 8414  -for vd",NA,pc,1,NA,NA
NA,level switch (90 deg bend type) -for vd,NA,pc,1,NA,NA
NA,pressure guage (0 - 2.5 bar),NA,pc,1,NA,NA
1000311872,float level switch,NA,pc,1,NA,NA
1000476326,transformer for enerpac,NA,pc,1,NA,NA
NA,water flowmeter controller (make- rosemount),NA,pc,1,NA,NA
NA,water flowmeter (make- rosemount),NA,pc,1,NA,NA
1000526894,"dc valve;10bar,pn:w7076a3332",given to mech,pc,0,NA,NA
1000583963,"positioner valve,ctrl;cs.a216,wcc,ss,cl150,6in,fe (cable celler)",NA,pc,1,NA,NA
1000583970,"positioner valve,ctrl;cs,a216,wcc,ss,cl150,4in,fe (cable celler)",NA,pc,1,NA,NA
1000584019,"positioner valve,ctrl;cs,a216wcc,ss,cl150,3in,fe (cable celler)",NA,pc,1,NA,NA
NA,NA,NA,pc,0,NA,NA
1000047839,"loudspeaker,mm:lbd 8347+lbd 8308",NA,pc,2,NA,NA
1000009776,"siren,electronic,220vac,range-1km",NA,pc,3,NA,NA
1000009792,"siren, electronics",NA,pc,5,NA,NA
1000047838,"amplifier,extension,mm:lbd8924/01",NA,pc,3,NA,NA
1000047813,"junction box,mm:lbd8930 jl",NA,pc,7,NA,NA
1000047855,"loudspeaker,mm:lbd 8363/mr  (small)",NA,pc,12,NA,NA
1000356913,speaker unit (part of loudspeaker);pn:lbd 8308m,NA,pc,4,NA,NA
1000047845,"diaphragm f/driver unit,mm:lbd8308 30w",NA,pc,18,NA,NA
1000047847,"capsule,earpice,mm:lbd 8904",NA,pc,23.5,NA,NA
1000047931,"capsule,mouthpiece,mm:lbd 8904",NA,pc,10,NA,NA
1000047929,"handset,complete,mm:lbd 8904",NA,pc,8,NA,NA
1000047930,"cradle switch,mm:lbd 8904",NA,pc,5,NA,NA
1000047936,"transistor unit,mm:lbd 8904",NA,pc,10,NA,NA
1000047934,"diode unit,mm:lbd 8904",NA,pc,10,NA,NA
NA,clamp,NA,pc,1,NA,NA
NA,"preset, 100 ohm",NA,pc,7,NA,NA
1000257092,"preset f/amplifier,mm:lbd8924/01",NA,pc,20,NA,NA
NA,"preset, 1 kohm",NA,pc,8,NA,NA
NA,"preset, 10kohm",NA,pc,6,NA,NA
1000047932,"preset unit,v&h,mm:lbd 8904",NA,pc,10,NA,NA
1000047937,"relay;24v/02 pole,mm:lbd 8904",NA,pc,1,NA,NA
1000047930,"cradle switch,mm:lbd 8904",NA,pc,5,NA,NA
NA,"preset, 200 ohm",NA,pc,5,NA,NA
NA,transitor,NA,pc,10,NA,NA
1000047933,"capacitor unit,mm:lbd 8904",NA,pc,5,NA,NA
1000047851,"micro switch,mm:lbd 8904",NA,pc,2,NA,NA
NA,relay q3f-1z,NA,pc,2,NA,NA
1000047851,micro switch,NA,pc,10,NA,NA
NA,transistor,NA,pc,5,NA,NA
NA,resistance,NA,pc,5,NA,NA
NA,gland,NA,pc,3,NA,NA
NA,speaker repairing card,NA,pc,1,NA,NA
1000047857,"main pcb desktop, mm:lbd 8904",NA,pc,9,NA,NA
1000047856,"transformer- amplifier,mm:lbd 8904",NA,pc,23.5,NA,NA
NA,desktop transformer,NA,pc,23.5,NA,NA
NA,"transformer,handset (small size)",NA,pc,23.5,NA,NA
1000257096,"fuse,1.6a f/amplifier,lbd8924/01",NA,pc,20,NA,NA
1000047822,"desktop station,type:lbd/8904",NA,pc,2,NA,NA
1000047825,"public address system,mm:lbd-8921/01",new,pc,0,NA,NA
1000413817,"switch,prs;pn:3397160,f/ac panel",NA,pc,4,NA,NA
1000411181,"valve;expansion,pn:3397334",NA,pc,3,NA,NA
1000413836,"dryer;pn:3397048,f/ac panel",NA,pc,1,NA,NA
1000413832,"valve;pn:3397050,f/ac panel",NA,pc,4,NA,NA
1000413833,"coil,condnsr;pn:3397614,f/ac panel",NA,pc,1,NA,NA
1000413837,"coil,evaporator;pn:3397613,f/ac panel",NA,pc,1,NA,NA
NA,capacitor 2 micro f,NA,pc,3,NA,NA
1000303193,"pipe nrv, pn: 3397522, f/ac panel",NA,pc,4,NA,NA
1000413818,"sensor,temp;pn:3397537,f/ac panel",NA,pc,1,NA,NA
1000411182,"sensor,temp;pn:3397534,f/cooling unit",NA,pc,1,NA,NA
NA,temperature sensor,NA,pc,4,NA,NA
1000431318,probe;pn:52125-1,NA,pc,0,NA,NA
1000186448,"brazing rod,copper,1/8in",NA,kg,1,NA,NA
1000274724,"card,display,pn:3396282 f/panel,338310",NA,pc,1,NA,NA
1000303117,display;pn:3399008 (632414),NA,pc,0,NA,NA
1000431326,"controller;dwyer ts2-010,pn:52100-1",NA,pc,0,NA,NA
1000184566,"aerosol can,lpg",NA,pc,1,NA,NA
1000413816,"thermostat;pn:3397000,f/ac panel",NA,pc,0,NA,NA
1000411189,"filter;drier,pn:3397058,f/cooling unit",NA,pc,1,NA,NA
1000413823,"dryer;pn:3397015,f/ac panel",NA,pc,0,NA,NA
1000303113,evaporator;pn:3399008 (632408),NA,pc,0,NA,NA
1000303173,filter;pn:3399008 (632413),NA,pc,0,NA,NA
1000303171,condenser;pn:3399008 (642772),NA,pc,0,NA,NA
1000310505,"fan;condensor,3396007,f/panel",NA,pc,3,NA,NA
1000413827,"evaporator;pn:3396005,f/ac panel",NA,pc,0,NA,NA
1000303113,evaporator;pn:3399008 (632408),NA,pc,0,NA,NA
1000303124,compressor;pn:3399008 (632369),NA,pc,0,NA,NA
1000413821,"valve;pn:3397049,f/ac panel",NA,pc,0,NA,NA
1000465858,"refrigerant;r134a,500grms",NA,pc,0,NA,NA
1000219509,"aux contactor,110vac,2no+2nc,pn:n22e ,abb",NA,pc,23,NA,NA
1000005660,"aux contactor,110vac,4no,pn:n40e,abb",NA,pc,23.5,NA,NA
1000005081,"aux contactor,110vac,4no,pn:3th30-40-0af0,siemens",NA,pc,11,NA,NA
1000141414,"aux contactor,230 vac,3no+1nc,pn:3th30-31-0ap0, siemens",NA,pc,6,NA,NA
1000278536,"aux contactor,230v,4no,pn:3th30-40-0au0,siemens",NA,pc,2,NA,NA
1000219510,"aux contactor,24vdc,2no+2nc,pn:nf22e,abb",NA,pc,10,NA,NA
1000254215,"aux contactor,24vdc,4no,pn:3th30-40-0bb4,siemens",NA,pc,4,NA,NA
1000005151,"power contactor,110vac,45a,pn:a26-30-10,abb",NA,pc,23.5,NA,NA
1000005152,"power contactor,110vac,55a,pn:a30-30-10,abb",NA,pc,6,NA,NA
1000005153,"power contactor,110vac,60a,pn:a40-30-10,abb",NA,pc,11,NA,NA
NA,"power contactor,110vac,27a,pn:a12-30-10,abb",NA,pc,10,NA,NA
1000061361,"power contactor,220vac,27a,pn:a12-30-10,abb",NA,pc,3,NA,NA
1000254211,"power contactor,110vac,9a,pn:3rt2016-af01, siemens",NA,pc,23.5,NA,NA
1000261869,"power contactor,220vac,9a,2no+2nc,pn:3rt1015-1ap04-3ma0, siemens",NA,pc,8,NA,NA
1000149632,"power contactor,220v,20a,pn:3tf31-10-0bm4",NA,pc,1,NA,NA
NA,"power contactor,110vac,25a,1no+1nc,pn:3rt2026-1ag20, siemens",NA,pc,8,NA,NA
1000254212,"power contactor,110vac,25a,pn:3rt1026-1ag2, siemens",NA,pc,1,NA,NA
NA,"power contactor,24v,95a,havells",NA,pc,3,NA,NA
1000219513,"power contactor,110vac,115a,pn:a63-30-00,abb",NA,pc,5,NA,NA
1000005155,"power contactor,110vac,125a,pn:a75-30-00,abb",NA,pc,4,NA,NA
1000376508,"power contactor,220vac,125a,pn:lc1 d95m7,schneider",NA,pc,1,NA,NA
1000062224,"power contactor,110vac,160a,pn:a110-30-11,abb",NA,pc,0,NA,NA
1000260569,"power contactor,220vac,175a,2no+2nc, 3rt14766ap36",NA,pc,8,NA,NA
1000092620,"power contactor,220vac,200a,pn:lc1 f115, schneider",NA,pc,2,NA,NA
1000598187,"power contactor,220vac,250a,pn:lc1d150p7, schneider",NA,pc,1,NA,NA
1000453647,"power contactor,110vac,250a,pn:a145-30-11,abb",NA,pc,4,NA,NA
1000005157,"power contactor,110vac,275a,pn:a185-30-11,abb",NA,pc,5,NA,NA
1000219514,"power contactor,110vac,350a,pn:a210-30-11,abb",NA,pc,6,NA,NA
1000475080,"power contactor,110vac,400a,pn:a260-30-11,abb",NA,pc,2,NA,NA
1000005158,"power contactor,110vac,500a,pn:a300-30-11,abb",NA,pc,2,NA,NA
1000005162,"power contactor,110v-250v,600a,pn:af400-30-11, abb",NA,pc,8,NA,NA
1000425194,"kit,contact;a210-30-11,pn:zl210",NA,pc,2,NA,NA
1000425193,"kit,contact;a185-30-11,pn:zl185",NA,pc,6,NA,NA
1000425198,"kit,contact;a110-30-11,pn:zl110",NA,pc,9,NA,NA
1000300214,"contact;zl 75,pn:1 sbn 164 103 r1000",NA,pc,1,NA,NA
1000425195,"kit,contact;a63-30-00,pn:zl63",NA,pc,6,NA,NA
1000425197,"kit,contact;af400-30-11,pn:zl400",NA,pc,0,NA,NA
1000425199,"kit,contact;a145-30-11,pn:zl145",NA,pc,0,NA,NA
1000425196,"kit,contact;a75-30-00,pn:zl75",NA,pc,0,NA,NA
1000473210,"light;led,pn:lwv12-70-cdl, 70w",NA,pc,23.5,NA,NA
1000413800,"light,led,well glass, 40w",NA,pc,16,NA,NA
1000461482,"light;led, flood light, 90w",NA,pc,23.5,NA,NA
1000508021,"light;led highbay, 150w",NA,pc,23.5,NA,NA
1000603950,"light;led highbay,pn:911401873981, 150w (light weight)",NA,pc,0,NA,NA
1000522143,"lamp;led, 37w",NA,pc,16,NA,NA
1000482981,"light;led,flood light, 200w",NA,pc,2,NA,NA
1000555866,"light;led,mn:lflpi-400cdl/60, 400w",NA,pc,5,NA,NA
NA,NA,NA,pc,0,NA,NA
NA,NA,NA,pc,0,NA,NA
NA,cable 16c x 1.5 sq. mm,NA,NA,23.5,furnace store,"cu, arm"
NA,cable 12c x 1.5 sq.mn,NA,NA,23.5,furnace store,"cu, arm"
NA,cable 12c x 1.5 sq. mm,NA,NA,23.5,furnace store,"cu, arm"
NA,cable 12c x 1.5 sq. mm,NA,NA,23.5,furnace store,"cu, arm"
NA,cable 12c x 1 sq. mm,NA,NA,23.5,cable celler,"cu, arm"
NA,cable 12c x 2.5 sq.mn,NA,NA,23.5,cable celler,"cu, arm"
NA,"cable 8c,4 pair x 0.5 sq.mm",NA,NA,23.5,furnace store,cu (inst)
NA,"cable 8c,4 pair x 1 sq.mm",NA,NA,23.5,cable celler,cu (inst)
NA,cable 7c x 1.5 sq. mm,NA,NA,23.5,furnace store,"cu, arm"
NA,cable 7c x 1.5 sq. mm,NA,NA,23.5,electrical store,"cu, arm"
NA,cable 7c x 1.5 sq. mm,NA,NA,23.5,electrical store,"cu,   n-arm"
NA,cable 7c x 1.5 sq. mm,NA,NA,23.5,cable celler,"cu, arm"
NA,cable 7c x 2.5 sq. mm,NA,NA,23.5,cable celler,"cu, arm"
NA,cable 7c x 2.5 sq. mm,NA,NA,23.5,cable celler,"cu, lapp"
NA,cable 6c x 1.5 sq. mm,NA,NA,20,electrical store,"cu,  n-arm"
NA,cable 4c x 2.5 sq. mm,NA,NA,23.5,cable celler,"cu, arm"
NA,cable 4c x 2.5 sq. mm,NA,NA,23.5,cable celler,"cu, arm"
NA,cable 3c x 2.5 sq. mm,NA,NA,20,electrical store,"cu, flexible"
NA,cable 2c x 1.5 sq. mm,NA,NA,23.5,cable celler,"cu, arm"
NA,cable 2c x 10 sq. mm,NA,NA,23.5,furnace store,"cu, arm"
NA,cable 1c x 16sq. mm,NA,NA,23.5,electrical store,"cu, flexble"
NA,cable 1c x 16 sq. mm,NA,NA,23.5,electrical store,"cu, flexible"
NA,cable 4c x 16 sq. mm,NA,NA,23.5,furnace store,"cu, arm"
NA,cable 4c x 35 sq. mm,NA,NA,23.5,cable celler,"al, arm"
NA,cable 3.5c x 35sq. mm,NA,NA,23.5,electrical store,"cu, arm"
NA,cable 3c x 35 sq. mm,NA,NA,23.5,cable celler,"al, arm"
NA,cable 3c x 95 sq. mm,NA,NA,23.5,cable celler,"al, arm"
NA,cable 3c x 95 sq. mm,NA,NA,23.5,cable celler,"al,arm"
NA,cable 3c x 120 sq. mm,NA,NA,23.5,cable celler,"cu, flexb"
NA,cable 3c x 150 sq. mm,NA,NA,23.5,cable celler,"al, arm"
NA,cable 3.5c x 240 sq. mm,NA,NA,23.5,cable celler,"al, arm"
NA,cable 3c x 240 sq. mm,NA,NA,23.5,cable celler,"al, arm"
NA,cable 3c x 300 sq. mm,NA,NA,23.5,cable celler,"al, arm"
NA,obtical fiber cable,NA,NA,23.5,cable celler,n-arm
NA,obtical fiber cable,NA,NA,23.5,ecr-1,n-arm
NA,obtical fiber cable,NA,NA,23.5,ecr-1,n-arm
NA,"co-axial cable (digital camera),1c",NA,NA,23.5,ecr-1,cu
NA,lap cable 7c x 1.5 sq.mm,NA,NA,23.5,ecr-1,"cu, n-arm"
NA,profibus cable,NA,NA,23.5,ecr-1,cu
1000306971,instrument skinned cable,NA,NA,23.5,ecr-1,cu
1000306971,instrument skinned cable,NA,NA,23.5,ecr-1,cu
1000306971,instrument skinned cable (old),NA,NA,23.5,ecr-1,cu
NA,"instrument skinned cable,pair cable, 8pair",NA,NA,23.5,ecr-1,cu
NA,heat proof cable (for furnace),NA,NA,15,ecr-1,cu
NA,NA,NA,NA,0,NA,NA
NA,NA,NA,NA,0,NA,NA
NA,NA,NA,NA,0,NA,NA
NA,NA,NA,NA,0,NA,NA
NA,"oil seal,rubber,17x30x7mm#",NA,NA,23.5,NA,NA
1000024774,"oil seal,rubber,30x47x7mm#",NA,NA,23.5,NA,NA
NA,"oil seal,rbr,35x54x7mm",NA,NA,8,NA,NA
1000174985,"oil seal,rbr,35x52x7mm",NA,NA,23.5,NA,NA
1000064428,"oil seal,35x47x7mm",NA,NA,23.5,NA,NA
NA,"oil seal,rubber,35x52x5mm#",NA,NA,23.5,NA,NA
1000024980,"oil seal,rubber,40x52x7mm",NA,NA,23.5,NA,NA
1000024795,"oil seal,rubber,40x55x7mm#",NA,NA,16,NA,NA
NA,"oil seal,rubber,45x52x7mm#",NA,NA,20,NA,NA
1000203716,"oil seal,rbr,45x65x8mm",drt-crt,NA,12,NA,NA
1000228906,"oil seal,pu,65x85x10mm",NA,NA,23.5,NA,NA
1000024879,"oil seal,rubber,80x100x10mm#",NA,NA,23.5,NA,NA
1000250908,"oil seal,pn:106178",NA,NA,0,NA,NA
1000250922,"oil seal,pn:13228811",NA,NA,0,NA,NA
1000250921,"oil seal,pn:106062",NA,NA,0,NA,NA
1000250909,"oil seal,pn:106232",NA,NA,0,NA,NA
NA,"dc gland, 12 mm",NA,pc,23.5,NA,NA
NA,"pvc gland,16 mm",NA,pc,23.5,NA,NA
NA,"pvc gland,12 mm",NA,pc,23.5,NA,NA
NA,"dc gland, 16 mm",NA,pc,23.5,NA,NA
NA,"sc gland, 16 mm",NA,pc,23.5,NA,NA
NA,"dc gland, 19 mm",NA,pc,23.5,NA,NA
1000195360,"dc gland, 22 mm",NA,pc,0,NA,NA
NA,"dc gland, 25 mm",NA,pc,23.5,NA,NA
1000195412,"dc gland, 32 mm",NA,pc,0,NA,NA
1000537943,"dc gland, 35 mm",NA,pc,0,NA,NA
NA,"dc gland, 38 mm",NA,pc,23.5,NA,NA
NA,"dc gland, 50 mm",NA,pc,23.5,NA,NA
NA,"dc gland, 63 mm",NA,pc,4,NA,NA
